Feature,Importances
Unnamed: 0,0.0677635841403494
client_cotisations_annualisees_n_plus1,0.049182352837936746
remb_alptis,0.046585895904702204
client_age_souscripteur,0.04622009096361021
frais_reels_pharmacie,0.04610491249640379
courtier_code_partenaire,0.04530275693006005
remb_alptis_soins_medicaux,0.043027965674224004
client_departement,0.04258795949813148
courtier_nb_affaires_n_moins1,0.03928864718632648
nb_decomptes_pharmacie,0.03911349411676438
reste_a_charge_soins_medicaux,0.030245477225539566
remb_alptis_divers,0.02693391049246155
interaction_nb_total,0.020130047849342733
reste_a_charge_divers,0.01964985793590614
nb_decomptes_divers,0.019555020216422497
nb_decomptes_dentaire,0.018161998409249324
remb_ro_optique,0.017189945499785676
courtier_segmentation_interne_VADISTE,0.016264847161275263
interaction_service_prestations_sante,0.015849636671573814
remb_alptis_hospitalisation,0.014950053540897344
interaction_nb_transferts_gestion,0.014894252185550254
interaction_motif_autre,0.01368200389913425
interaction_service_suivi_du_contrat,0.013479845889331918
courtier_est_escompte,0.011194636921369199
nb_decomptes_optique,0.010589521765422811
nb_protheses_dentaires,0.010332913085863864
nb_decomptes_hospitalisation,0.009915530838852922
client_nps_note_reco_n,0.009479791683209204
reste_a_charge_pharmacie,0.009286352528014213
nb_jours_forfait_journalier,0.00920118398308689
client_nps_note_reco_n_moins1,0.008580900676238578
courtier_type_commission_precompte_majore,0.008106561349305746
reste_a_charge_hospitalisation,0.007976644481317107
interaction_motif_dentaire,0.0074266532540216154
nb_jours_chambre_particuliere,0.007251066618306734
client_structure_familiale_femme ss enfant,0.006792514460569383
interaction_motif_hospitalisation,0.006713874513495928
courtier_type_commission_precompte,0.006479613378993769
client_structure_familiale_homme ss enfant,0.006297233821245255
interaction_motif_tiers_payant,0.006296767096198753
courtier_reseau_courtage_COURTIER ESCOMPTE,0.006180778667450164
client_nb_assures_contrat,0.005792226823705132
interaction_service_cotisations_recouvrements,0.005729825740796177
interaction_motif_medecine_douce,0.005631080441294246
courtier_segmentation_interne_VIP,0.005583538424125472
interaction_motif_teletransmission,0.005491566377190898
client_structure_familiale_couple ss enfant,0.005444010703321534
client_ro_souscripteur_SS,0.005257708954372842
interaction_motif_optique,0.005192463851979024
courtier_reseau_courtage_COURTIER CLASSIQUE,0.004674484389349265
client_a_conjoint,0.004653406587712679
recla_nombre,0.004461378166506705
client_ro_souscripteur_TNS,0.00431635734915168
courtier_type_commission_lineaire,0.003975406569974622
courtier_segmentation_interne_Potentiel,0.00395978357048822
courtier_reseau_courtage_E_COURTIER,0.003670572571103495
impaye_montant_total,0.003357731084278838
courtier_segmentation_interne_Groupements,0.0030458837985966065
courtier_changement_dans_les_12_mois,0.0030240524372257016
impaye_duree_max_action_jours,0.0029901548503308943
client_est_contrat_madelin,0.0027529676931089464
courtier_segmentation_interne_Petit Producteur,0.0026426075086994428
courtier_segmentation_interne_Opportuniste,0.002554031403301663
recla_delais_moyen,0.0025391209196975735
impaye_nb_actions,0.002461948776228908
recla_motif_Couverture et fonctionnement de la garantie,0.0022810038050998086
recla_motif_Autre,0.001993823805030951
courtier_segmentation_interne_Potentiel Agent,0.0019676882324524635
impaye_action_1er_impaye,0.001960133345809593
courtier_type_commission_lineaire_majore,0.001867487787491527
courtier_segmentation_interne_Sommeil,0.001861711123109118
courtier_segmentation_interne_CMA,0.0018390684248767262
recla_non_cloturee,0.0017063593389316921
courtier_segmentation_interne_Alptis,0.0017030933522555302
client_ro_souscripteur_SA,0.001693797078768352
recla_motif_Montant des remboursements / Indemnités,0.0015541717518611287
recla_motif_Délai de traitement,0.0015510018258781772
client_ro_souscripteur_AM,0.0014600594937338072
client_a_garantie_prevoyance,0.0013701010952098835
recla_motif_Frais,0.0012958148373311202
recla_delais_long,0.0012415060764760563
courtier_segmentation_interne_Nouveau,0.0011569676140916335
interaction_nb_transferts_commercial,0.0011339270703929897
client_ro_souscripteur_AMEXA,0.001116451734260808
courtier_segmentation_interne_Filiale,0.0010942605508400174
client_structure_familiale_femme avec 1 enfant,0.0010457558289306361
courtier_segmentation_interne_Non catégorisé,0.0010392217083877268
recla_motif_Demandes de compléments / pièces,0.0009726084666891846
courtier_reseau_courtage_AFFAIRE DIRECTE,0.0009207193436697026
courtier_segmentation_interne_Miltis,0.0008938060030290635
client_structure_familiale_couple avec 1 enfant,0.0008462795613199448
interaction_autres_services,0.0008401606026622139
client_ro_souscripteur_MGEN,0.0008163923907048023
impaye_action_1ere_lettre_relance,0.0007052154968458241
client_structure_familiale_femme avec 2 enfants,0.0006918778788865195
courtier_segmentation_interne_Dilemme,0.0006309881074697578
client_structure_familiale_couple avec 2 enfants,0.0006198292639536517
client_structure_familiale_homme avec 1 enfant,0.0006162416656998478
client_demenagement_dans_les_12_mois,0.0005423840629048011
impaye_action_2eme_impaye,0.00044852742770743755
